Full Name,Gender,Email,Phone,Country
Hansjoachim Janik,male,hansjoachim.janik@example.com,0955-6767976,Germany
Kelly Terry,male,kelly.terry@example.com,07-0663-7075,Australia
Hugo Zapata,male,hugo.zapata@example.com,(694) 216 7223,Mexico
Siddharth Bhardwaj,male,siddharth.bhardwaj@example.com,9058401972,India
Diná Freitas,female,dina.freitas@example.com,(57) 8355-5080,Brazil
ثنا یاسمی,female,thn.ysmy@example.com,001-29356508,Iran
Obrad Lučić,male,obrad.lucic@example.com,013-5222-055,Serbia
Angelina Van Thiel,female,angelina.vanthiel@example.com,(0337) 694230,Netherlands
Sander Petersen,male,sander.petersen@example.com,52806619,Denmark
Darryl Freeman,male,darryl.freeman@example.com,07-8549-6045,Australia
